{
    "name": "SANTA UNITED COIN",
    "website": "https://santaunitedcoin.com",
    "description": "A blockchain with a full-fledged environment for developing high-performance decentralized applications and cross-chain compatibility with Binance Chain.",
    "explorer": "https://bscscan.com/",
    "research": "https://research.binance.com/en/projects/bnb",
    "symbol": "USDT",
    "type": "coin",
    "decimals": 18,
    "status": "active",
    "tags": [
        "staking-native"
    ],
    "links": [
        {
            "name": "github",
            "url": "https://github.com/santaunitedcoin"
        },
        {
            "name": "twitter",
            "url": "https://twitter.com/SantaUnitedCoin"
        },
        {
            "name": "reddit",
            "url": "https://www.reddit.com/user/santaunitedcoin/"
        },
        {
            "name": "whitepaper",
            "url": "https://heyzine.com/flip-book/ac93a79f52.html"
        }
    ]
}