{
  "name": "Banny BNB",
  "symbol": "BANNYBNB",
  "type": "BEP20",
  "decimals": 18,
  "description": "Banny BNB ($BANNYBNB) is a community-driven meme token on BNB Smart Chain built for fun, creativity, and holder rewards.",
  "website": "https://bannybnb.netlify.app",
  "explorer": "https://bscscan.com/token/0x237caa948Fcee8B503488ae83f3EA4A498a92768",
  "status": "active",
  "id": "0x237caa948Fcee8B503488ae83f3EA4A498a92768",
  "links": [
    {
      "name": "telegram",
      "url": "https://t.me/bannybnbtelegram"
    },
    {
      "name": "twitter",
      "url": "https://x.com/bannybnb"
    },
    {
      "name": "github",
      "url": "https://github.com/bannybnb/bannybnb-assets"
    },
    {
      "name": "whitepaper",
      "url": "https://raw.githubusercontent.com/bannybnb/bannybnb-assets/main/BANNYBNB%20white%20paper.pdf"
    },
    {
      "name": "email",
      "url": "mailto:bannybnb@gmail.com"
    }
  ]
}