{
    "name": "JET LOAN",
    "symbol": "JET",
    "type": "coin",
    "decimals": 18,
    "chainId": 137,
    "description": "JET LOAN is a Polygon-based token from India aiming to provide decentralized lending services.",
    "website": "https://sites.google.com/view/jet-losan/home",
    "explorer": "https://polygonscan.com/token/0x7e8876Ed0C122efc9fF3B0a43C21CC3C14fb49e9",
    "status": "active",
    "links": [
        {
            "name": "instagram",
            "url": "https://www.instagram.com/jetloanofficial?igsh=N3gxa2xnaWZqeWsw"
        },
        {
            "name": "facebook",
            "url": "https://www.facebook.com/share/1Eb5jGgXYt/"
        }
    ]
}