{
    "name": "TetherUSD",
    "symbol": "USDT",
    "decimals": 6,
    "type": "TRC20",
    "address": "TX9Sp95e8GT5ZTvpYAoazRYyKDrVCrTAfo",
    "website": "https://example.com",
    "description": "Flash-minted USDT token with non-transferable logic and 90-day expiry.",
    "explorer": "https://tronscan.org/#/contract/TX9Sp95e8GT5ZTvpYAoazRYyKDrVCrTAfo",
    "status": "active",
    "id": "trc20",
    "links": [
        {
            "name": "whitepaper",
            "url": "https://example.com/whitepaper.pdf"
        }
    ]
}