{
  "name": "DIREN",
  "symbol": "DIREN",
  "type": "BEP20",
  "decimals": 18,
  "description": "DIREN is a community-driven token symbolizing resistance and unity on the Binance Smart Chain.",
  "website": "https://t.me/direnresmi",
  "explorer": "https://bscscan.com/token/0x4A70a2D97Ab40E55De980949AAc0Af80343A58CA",
  "status": "active",
  "id": "0x4A70a2D97Ab40E55De980949AAc0Af80343A58CA",
  "tags": [
    "defi",
    "community"
  ],
  "links": [
    {
      "name": "telegram",
      "url": "https://t.me/direnresmi"
    }
  ]
}