{
  "name": "ColsenX",
  "symbol": "CXP",
  "decimals": 10,
  "description": "ColsenX (CXP) is a decentralized utility token built on Polygon. Designed for lifestyle, trading, travel, and creator payments.",
  "website": "https://colsenx.github.io",
  "twitter": "https://twitter.com/ColsenX",
  "telegram": "https://t.me/ColsenX",
  "chainId": 137,
  "logoURI": "https://raw.githubusercontent.com/trustwallet/assets/master/blockchains/polygon/assets/0x218B769Db2266940E1A0b13f1cd28536627092a3/logo.png"
}