{
  "name": "xUSDT",
  "symbol": "xUSDT",
  "type": "BEP20",
  "decimals": 18,
  "description": "xUSDT is a next-generation stable digital currency designed for fast payments and global transactions.",
  "website": "https://xusdtpay.com",
  "explorer": "https://bscscan.com/token/0x79CaA0E30e929530E913d8D96994Ff2c98a20302",
  "status": "active",
  "id": "0x79CaA0E30e929530E913d8D96994Ff2c98a20302",
  "links": [
    {
      "name": "Email",
      "url": "mailto:support@xusdtpay.com"
    },
    {
      "name": "GitHub",
      "url": "https://github.com/Dryogi96/xusdt-distribution"
    }
  ]
}