{
    "name": "pCATv3",
    "type": "BEP20",
    "symbol": "pCATv3",
    "decimals": 18,
    "website": "https://www.pcatv3.finance/",
    "description": "pCATv3 is a ground breaking DeFi project developed by an independent team of developers seeking to bring an innovative approach to crypto tokens with attractive BNB rewards for holders to make for a highly profitable quality service while using the community voice to refine the underlying protocol.",
    "explorer": "https://bscscan.com/token/0x41d7ca990138dddd70aef6a66cce6cf37b478428",
    "status": "active",
    "id": "0x41d7ca990138dddd70aef6a66cce6cf37b478428"
}