﻿{
  "name": "Quam",
  "website": "https://quamnetwork.com/",
  "description": "Quam Network is an Advanced Multi-chain Defi Protocol which provides various Defi-Investment methods with the best trading experience over Binance Smart Chain.",
  "socials": [
    {
      "name": "Twitter",
      "url": "https://twitter.com/quamnetwork"
    },
    {
      "name": "Medium",
      "url": "https://quamnetwork.medium.com/"
    },
    {
      "name": "Telegram",
      "url": "https://t.me/Quamnetwork"
    }
  ],
  "explorer": "https://bscscan.com/token/0x1AdE17B4B38B472B5259BbC938618226dF7b5Ca8",
  "type": "BEP20",
  "symbol": "QUAM",
  "decimals": 18,
  "status": "active",
  "id": "0x1ade17b4b38b472b5259bbc938618226df7b5ca8"
}