{
    "name": "Tonrgas",
    "website": "https://torngas.my.canva.site/",
    "description": "Tonrgas is a utility token on the Polygon network designed for gaming and utility purposes, with a total supply of 130 billion TORN tokens.",
    "explorer": "https://polygonscan.com/token/0xd3125c32433ac4c492ddeb34310c778b6f3405b0",
    "type": "POLYGON",
    "symbol": "TORN",
    "decimals": 18,
    "status": "active",
    "id": "0xd3125c32433ac4c492ddeb34310c778b6f3405b0",
    "links": [
        {
            "name": "github",
            "url": "https://gist.github.com/gallwen/b5cc2dd6b3b32af49328e1e946a589b6"
        },
        {
            "name": "twitter",
            "url": "https://twitter.com/TORNGASES"
        },
        {
            "name": "coingecko",
            "url": "https://coingecko.com/en/coins/tonrgas"
        },
        {
            "name": "medium",
            "url": "https://medium.com/your-medium-link"
        },
        {
            "name": "telegram",
            "url": "https://t.me/your-telegram-channel"
        }
    ]
}
