{
    "name": "UBIT Coin",
    "website": "https://ubitscan.io//",
    "description": "Ubit Coin Pioneering a New Era of Cryptocurrency Ecosystem.",
    "explorer": "https://ubitscan.io/token/0x76A9319EFA3020D73905D64F0e2E3E97f9F11394",
    "type": "UBIT20",
    "symbol": "UBIT",
    "decimals": 18,
    "status": "active",
    "id": "0x76A9319EFA3020D73905D64F0e2E3E97f9F11394",
    "links": [
        {
            "name": "twitter",
            "url": "https://twitter.com/UbitScan"
        },
        {
            "name": "telegram",
            "url": "https://t.me/ubitscan"
        }
    ],
    "tags": [
        "Layer2"
    ]
}