{
  "name": "GVX",
  "symbol": "GVX",
  "type": "BEP20",
  "decimals": 18,
  "description": "GVX é um token BEP-20 da Binance Smart Chain com liquidez ativa e foco em utilidade e crescimento sustentável.",
  "website": "https://gvx.network",
  "explorer": "https://bscscan.com/token/0x1B17b5219cE7f1C08DD16053B9E0c2dA00d64EE0",
  "status": "active",
  "id": "0x1B17b5219cE7f1C08DD16053B9E0c2dA00d64EE0",
  "links": [
    {
      "name": "telegram",
      "url": "https://t.me/gvxcommunity"
    },
    {
      "name": "twitter",
      "url": "https://x.com/gvx_token"
    }
  ]
}