{
    "name": "RiffCoin",
    "symbol": "RFC",
    "type": "coin",
    "decimals": 18,
    "description": "RiffCoin (RFC) is a cryptocurrency designed for fans to support musicians directly through tips, music, and merchandise. Artists earn RFC from fans, benefiting from potential appreciation in value as the community grows.",
    "website": "https://www.riffcoin.ca",
    "explorer": "https://bscscan.com/token/0x4AefFfAc033672a030777fBE8Da2a0E09a02aE56",
    "status": "active",
    "id": "0x4AefFfAc033672a030777fBE8Da2a0E09a02aE56",
    "links": [
        {
            "name": "discord",
            "url": "https://discord.gg/5D7g3nFrGG"
        },
        {
            "name": "twitter",
            "url": "https://x.com/riff_coin"
        },
        {
            "name": "tiktok",
            "url": "https://www.tiktok.com/@riffcoin"
        },
        {
            "name": "instagram",
            "url": "https://www.instagram.com/riff_coin/"
        },
        {
            "name": "facebook",
            "url": "https://www.facebook.com/riffcoin"
        }
    ]
}