{
    "name": "LiDAO",
    "type": "BEP20",
    "symbol": "LiDAO",
    "decimals": 18,
    "website": "https://lidao.finance",
    "description": "LiDAO utilises a DAO based mechanism to provide as the entry point into staking and validation to enable all crypto users the ability to support the crypto space with validation, master node and proof of stake mechanisms",
    "explorer": "https://bscscan.com/address/0x19567b1b2dc33ab606500405b3229e66330ee413",
    "status": "active",
    "id": "0x19567b1b2dc33ab606500405b3229e66330ee413"
}