{
  "name": "ArgentCoin",
  "symbol": "ARG",
  "decimals": 18,
  "description": "ArgentCoin is an Argentine decentralized token aiming to bring crypto security to vulnerable sectors.",
  "website": "https://argentcoin.org",
  "twitter": "https://twitter.com/ArgentCoin2025",
  "telegram": "",
  "github": "https://github.com/Argcoint/assets",
  "explorer": "https://etherscan.io/token/0xb0ba6bc147e0c04be22431fa77d1d63306ddf4f0",
  "status": "active",
  "id": "0xb0ba6bc147e0c04be22431fa77d1d63306ddf4f0"
}